Ramo,Tensão de Ramo (V),Corrente de Ramo (A),Tensão de Nó (V)
1,(3.767287998012085+2.2966208621418067j),(0.5888246043517663+1.510653447859951j),(3.767287998012085+2.2966208621418067j)
2,(3.0213068957199027-1.1776492087035324j),(0.5888246043517662+1.5106534478599514j),(6.788594893731988+1.1189716534382743j)
3,(6.788594893731988+1.1189716534382743j),(0.2797429133595686-1.697148723432997j),
4,(6.788594893731988+1.1189716534382743j),(-0.8685675177113354+0.1864952755730457j),
